{"cameraMode":{"drawMode":0,"name":"Shaded","section":"Shading Mode"},"sceneLighting":false,"audioPlay":false,"sceneViewState":{"m_AlwaysRefresh":false,"showFog":true,"showSkybox":false,"showFlares":true,"showImageEffects":true,"showParticleSystems":true,"showVisualEffectGraphs":true,"m_FxEnabled":true},"in2DMode":false,"pivot":{"x":0.012499332427978516,"y":1.3557898998260499,"z":0.03367871046066284},"rotation":{"x":-0.10266312956809998,"y":0.6180896162986755,"z":0.08187299221754074,"w":0.7750872373580933},"size":1.9858267307281495,"orthographic":false}