{"cameraMode":{"drawMode":0,"name":"Shaded","section":"Shading Mode"},"sceneLighting":true,"audioPlay":false,"sceneViewState":{"showFog":true,"showMaterialUpdate":false,"showSkybox":false,"showFlares":true,"showImageEffects":true,"showParticleSystems":true},"in2DMode":false,"pivot":{"x":-3.5978615283966066,"y":2.083887815475464,"z":2.4693174362182619},"rotation":{"x":-0.07598888874053955,"y":-0.5036346912384033,"z":-0.04453778266906738,"w":0.8594232797622681},"size":5.166383743286133,"orthographic":false}