{"cameraMode":{"drawMode":0,"name":"Shaded","section":"Shading Mode"},"sceneLighting":false,"audioPlay":false,"sceneViewState":{"showFog":true,"showMaterialUpdate":false,"showSkybox":true,"showFlares":true,"showImageEffects":true,"showParticleSystems":true},"in2DMode":false,"pivot":{"x":473.5838928222656,"y":330.0654602050781,"z":38.437232971191409},"rotation":{"x":-0.021606573835015298,"y":0.021634234115481378,"z":-0.0004191574116703123,"w":-0.9996635913848877},"size":367.12860107421877,"orthographic":false}