{"cameraMode":{"drawMode":0,"name":"Shaded","section":"Shading Mode"},"sceneLighting":true,"audioPlay":false,"sceneViewState":{"showFog":true,"showMaterialUpdate":false,"showSkybox":true,"showFlares":true,"showImageEffects":true,"showParticleSystems":true},"in2DMode":false,"pivot":{"x":612.91748046875,"y":553.4790649414063,"z":-596.9420166015625},"rotation":{"x":0.18357738852500916,"y":0.04365374147891998,"z":-0.008173343725502491,"w":0.9820153117179871},"size":221.84727478027345,"orthographic":false}